date,home_team,away_team,home_score,away_score,tournament,city,country,neutral,mes,año,resultado,oponente,partidos_previos,porcentaje_ganado
1938-08-08,Bolivia,Ecuador,1,1,Bolivarian Games,Bogotá,Colombia,True,8,1938,empata,Bolivia,0,0.5
1938-08-10,Colombia,Ecuador,1,2,Bolivarian Games,Bogotá,Colombia,False,8,1938,gana,Colombia,0,0.5
1938-08-11,Ecuador,Peru,1,9,Bolivarian Games,Bogotá,Colombia,True,8,1938,pierde,Peru,0,0.5
1938-08-19,Ecuador,Venezuela,5,2,Bolivarian Games,Bogotá,Colombia,True,8,1938,gana,Venezuela,0,0.5
1938-08-22,Bolivia,Ecuador,2,1,Bolivarian Games,Bogotá,Colombia,True,8,1938,pierde,Bolivia,1,0.0
1939-01-15,Peru,Ecuador,5,2,Copa América,Lima,Peru,False,1,1939,pierde,Peru,1,0.0
1939-01-22,Ecuador,Uruguay,0,6,Copa América,Lima,Peru,True,1,1939,pierde,Uruguay,0,0.5
1939-02-05,Chile,Ecuador,4,1,Copa América,Lima,Peru,True,2,1939,pierde,Chile,0,0.5
1939-02-12,Ecuador,Paraguay,1,3,Copa América,Lima,Peru,True,2,1939,pierde,Paraguay,0,0.5
1941-02-02,Chile,Ecuador,5,0,Copa América,Santiago,Chile,False,2,1941,pierde,Chile,1,0.0
1941-02-09,Ecuador,Uruguay,0,6,Copa América,Santiago,Chile,True,2,1941,pierde,Uruguay,1,0.0
1941-02-16,Argentina,Ecuador,6,1,Copa América,Santiago,Chile,True,2,1941,pierde,Argentina,0,0.5
1941-02-23,Ecuador,Peru,0,4,Copa América,Santiago,Chile,True,2,1941,pierde,Peru,2,0.0
1942-01-18,Uruguay,Ecuador,7,0,Copa América,Montevideo,Uruguay,False,1,1942,pierde,Uruguay,2,0.0
1942-01-22,Argentina,Ecuador,12,0,Copa América,Montevideo,Uruguay,True,1,1942,pierde,Argentina,1,0.0
1942-01-25,Ecuador,Paraguay,1,3,Copa América,Montevideo,Uruguay,True,1,1942,pierde,Paraguay,1,0.0
1942-01-28,Ecuador,Peru,1,2,Copa América,Montevideo,Uruguay,True,1,1942,pierde,Peru,3,0.0
1942-01-31,Brazil,Ecuador,5,1,Copa América,Montevideo,Uruguay,True,1,1942,pierde,Brazil,0,0.5
1942-02-05,Chile,Ecuador,2,1,Copa América,Montevideo,Uruguay,True,2,1942,pierde,Chile,2,0.0
1945-01-14,Chile,Ecuador,6,3,Copa América,Santiago,Chile,False,1,1945,pierde,Chile,3,0.0
1945-01-24,Ecuador,Uruguay,1,5,Copa América,Santiago,Chile,True,1,1945,pierde,Uruguay,3,0.0
1945-01-31,Argentina,Ecuador,4,2,Copa América,Santiago,Chile,True,1,1945,pierde,Argentina,2,0.0
1945-02-11,Bolivia,Ecuador,0,0,Copa América,Santiago,Chile,True,2,1945,empata,Bolivia,2,0.0
1945-02-18,Colombia,Ecuador,3,1,Copa América,Santiago,Chile,True,2,1945,pierde,Colombia,1,1.0
1945-02-21,Brazil,Ecuador,9,2,Copa América,Santiago,Chile,True,2,1945,pierde,Brazil,1,0.0
1947-11-30,Ecuador,Bolivia,2,2,Copa América,Guayaquil,Ecuador,False,11,1947,empata,Bolivia,3,0.0
1947-12-04,Ecuador,Colombia,0,0,Copa América,Guayaquil,Ecuador,False,12,1947,empata,Colombia,2,0.5
1947-12-11,Ecuador,Chile,0,3,Copa América,Guayaquil,Ecuador,False,12,1947,pierde,Chile,4,0.0
1947-12-16,Ecuador,Uruguay,1,6,Copa América,Guayaquil,Ecuador,False,12,1947,pierde,Uruguay,4,0.0
1947-12-20,Ecuador,Peru,0,0,Copa América,Guayaquil,Ecuador,False,12,1947,empata,Peru,4,0.0
1947-12-25,Ecuador,Argentina,0,2,Copa América,Guayaquil,Ecuador,False,12,1947,pierde,Argentina,3,0.0
1947-12-29,Ecuador,Paraguay,0,4,Copa América,Guayaquil,Ecuador,False,12,1947,pierde,Paraguay,2,0.0
1949-04-03,Brazil,Ecuador,9,1,Copa América,Rio de Janeiro,Brazil,False,4,1949,pierde,Brazil,2,0.0
1949-04-10,Ecuador,Paraguay,0,1,Copa América,Rio de Janeiro,Brazil,True,4,1949,pierde,Paraguay,3,0.0
1949-04-13,Ecuador,Uruguay,2,3,Copa América,Rio de Janeiro,Brazil,True,4,1949,pierde,Uruguay,5,0.0
1949-04-17,Chile,Ecuador,1,0,Copa América,São Paulo,Brazil,True,4,1949,pierde,Chile,5,0.0
1949-04-20,Ecuador,Peru,0,4,Copa América,Rio de Janeiro,Brazil,True,4,1949,pierde,Peru,5,0.0
1949-04-25,Bolivia,Ecuador,2,0,Copa América,São Paulo,Brazil,True,4,1949,pierde,Bolivia,4,0.0
1949-05-03,Colombia,Ecuador,1,4,Copa América,Rio de Janeiro,Brazil,True,5,1949,gana,Colombia,3,0.3333333333333333
1953-02-28,Peru,Ecuador,1,0,Copa América,Lima,Peru,False,2,1953,pierde,Peru,6,0.0
1953-03-04,Ecuador,Paraguay,0,0,Copa América,Lima,Peru,True,3,1953,empata,Paraguay,4,0.0
1953-03-08,Bolivia,Ecuador,1,1,Copa América,Lima,Peru,True,3,1953,empata,Bolivia,5,0.0
1953-03-12,Brazil,Ecuador,2,0,Copa América,Lima,Peru,True,3,1953,pierde,Brazil,3,0.0
1953-03-19,Chile,Ecuador,3,0,Copa América,Lima,Peru,True,3,1953,pierde,Chile,6,0.0
1953-03-23,Ecuador,Uruguay,0,6,Copa América,Lima,Peru,True,3,1953,pierde,Uruguay,6,0.0
1955-02-27,Chile,Ecuador,7,1,Copa América,Santiago,Chile,False,2,1955,pierde,Chile,7,0.0
1955-03-09,Argentina,Ecuador,4,0,Copa América,Santiago,Chile,True,3,1955,pierde,Argentina,4,0.0
1955-03-13,Ecuador,Peru,2,4,Copa América,Santiago,Chile,True,3,1955,pierde,Peru,7,0.0
1955-03-16,Ecuador,Paraguay,0,2,Copa América,Santiago,Chile,True,3,1955,pierde,Paraguay,5,0.0
1955-03-23,Ecuador,Uruguay,1,5,Copa América,Santiago,Chile,True,3,1955,pierde,Uruguay,7,0.0
1957-03-07,Ecuador,Uruguay,2,5,Copa América,Lima,Peru,True,3,1957,pierde,Uruguay,8,0.0
1957-03-10,Peru,Ecuador,2,1,Copa América,Lima,Peru,False,3,1957,pierde,Peru,8,0.0
1957-03-17,Argentina,Ecuador,3,0,Copa América,Lima,Peru,True,3,1957,pierde,Argentina,5,0.0
1957-03-21,Brazil,Ecuador,7,1,Copa América,Lima,Peru,True,3,1957,pierde,Brazil,4,0.0
1957-03-24,Chile,Ecuador,2,2,Copa América,Lima,Peru,True,3,1957,empata,Chile,8,0.0
1957-04-01,Colombia,Ecuador,4,1,Copa América,Lima,Peru,True,4,1957,pierde,Colombia,4,0.5
1959-12-06,Ecuador,Uruguay,0,4,Copa América,Guayaquil,Ecuador,False,12,1959,pierde,Uruguay,9,0.0
1959-12-12,Ecuador,Argentina,1,1,Copa América,Guayaquil,Ecuador,False,12,1959,empata,Argentina,6,0.0
1959-12-19,Ecuador,Brazil,1,3,Copa América,Guayaquil,Ecuador,False,12,1959,pierde,Brazil,5,0.0
1959-12-25,Ecuador,Paraguay,3,1,Copa América,Guayaquil,Ecuador,False,12,1959,gana,Paraguay,6,0.0
1959-12-27,Ecuador,Brazil,1,2,Friendly,Guayaquil,Ecuador,False,12,1959,pierde,Brazil,6,0.0
1960-12-04,Ecuador,Argentina,3,6,FIFA World Cup qualification,Guayaquil,Ecuador,False,12,1960,pierde,Argentina,7,0.0
1960-12-17,Argentina,Ecuador,5,0,FIFA World Cup qualification,Buenos Aires,Argentina,False,12,1960,pierde,Argentina,8,0.0
1963-03-10,Bolivia,Ecuador,4,4,Copa América,La Paz,Bolivia,False,3,1963,empata,Bolivia,6,0.0
1963-03-14,Ecuador,Paraguay,1,3,Copa América,La Paz,Bolivia,True,3,1963,pierde,Paraguay,7,0.14285714285714285
1963-03-17,Ecuador,Peru,1,2,Copa América,La Paz,Bolivia,True,3,1963,pierde,Peru,9,0.0
1963-03-20,Argentina,Ecuador,4,2,Copa América,Cochabamba,Bolivia,True,3,1963,pierde,Argentina,9,0.0
1963-03-27,Brazil,Ecuador,2,2,Copa América,Cochabamba,Bolivia,True,3,1963,empata,Brazil,7,0.0
1963-03-31,Colombia,Ecuador,3,4,Copa América,La Paz,Bolivia,True,3,1963,gana,Colombia,5,0.4
1965-07-20,Colombia,Ecuador,0,1,FIFA World Cup qualification,Barranquilla,Colombia,False,7,1965,gana,Colombia,6,0.5
1965-07-25,Ecuador,Colombia,2,0,FIFA World Cup qualification,Guayaquil,Ecuador,False,7,1965,gana,Colombia,7,0.5714285714285714
1965-08-15,Ecuador,Chile,2,2,FIFA World Cup qualification,Guayaquil,Ecuador,False,8,1965,empata,Chile,9,0.0
1965-08-22,Chile,Ecuador,3,1,FIFA World Cup qualification,Santiago,Chile,False,8,1965,pierde,Chile,10,0.0
1965-10-12,Chile,Ecuador,2,1,FIFA World Cup qualification,Lima,Peru,True,10,1965,pierde,Chile,11,0.0
1966-12-21,Ecuador,Paraguay,2,2,Copa América qualification,Guayaquil,Ecuador,False,12,1966,empata,Paraguay,8,0.125
1966-12-28,Paraguay,Ecuador,3,1,Copa América qualification,Asunción,Paraguay,False,12,1966,pierde,Paraguay,9,0.1111111111111111
1969-06-22,Ecuador,Colombia,4,1,Friendly,Guayaquil,Ecuador,False,6,1969,gana,Colombia,8,0.625
1969-07-06,Ecuador,Uruguay,0,2,FIFA World Cup qualification,Guayaquil,Ecuador,False,7,1969,pierde,Uruguay,10,0.0
1969-07-20,Uruguay,Ecuador,1,0,FIFA World Cup qualification,Montevideo,Uruguay,False,7,1969,pierde,Uruguay,11,0.0
1969-07-27,Chile,Ecuador,4,1,FIFA World Cup qualification,Santiago,Chile,False,7,1969,pierde,Chile,12,0.0
1969-08-03,Ecuador,Chile,1,1,FIFA World Cup qualification,Guayaquil,Ecuador,False,8,1969,empata,Chile,13,0.0
1970-04-29,Mexico,Ecuador,4,2,Friendly,León,Mexico,False,4,1970,pierde,Mexico,0,0.5
1970-05-24,Ecuador,England,0,2,Friendly,Quito,Ecuador,False,5,1970,pierde,England,0,0.5
1972-06-11,Ecuador,Portugal,0,3,Brazil Independence Cup,Natal,Brazil,True,6,1972,pierde,Portugal,0,0.5
1972-06-14,Chile,Ecuador,2,1,Brazil Independence Cup,Natal,Brazil,True,6,1972,pierde,Chile,14,0.0
1972-06-18,Ecuador,Republic of Ireland,2,3,Brazil Independence Cup,Natal,Brazil,True,6,1972,pierde,Republic of Ireland,0,0.5
1972-06-21,Ecuador,Iran,1,1,Brazil Independence Cup,Recife,Brazil,True,6,1972,empata,Iran,0,0.5
1973-02-18,Ecuador,German DR,1,1,Friendly,Quito,Ecuador,False,2,1973,empata,German DR,0,0.5
1973-04-24,Ecuador,Chile,1,1,Friendly,Guayaquil,Ecuador,False,4,1973,empata,Chile,15,0.0
1973-04-29,Bolivia,Ecuador,3,3,Friendly,La Paz,Bolivia,False,4,1973,empata,Bolivia,7,0.0
1973-05-06,Ecuador,Bolivia,0,0,Friendly,Quito,Ecuador,False,5,1973,empata,Bolivia,8,0.0
1973-05-12,Haiti,Ecuador,1,2,Friendly,Port-au-Prince,Haiti,False,5,1973,gana,Haiti,0,0.5
1973-05-15,Haiti,Ecuador,1,0,Friendly,Port-au-Prince,Haiti,False,5,1973,pierde,Haiti,1,1.0
1973-06-21,Colombia,Ecuador,1,1,FIFA World Cup qualification,Bogotá,Colombia,False,6,1973,empata,Colombia,9,0.6666666666666666
1973-06-28,Ecuador,Colombia,1,1,FIFA World Cup qualification,Guayaquil,Ecuador,False,6,1973,empata,Colombia,10,0.6
1973-07-01,Ecuador,Uruguay,1,2,FIFA World Cup qualification,Quito,Ecuador,False,7,1973,pierde,Uruguay,12,0.0
1973-07-08,Uruguay,Ecuador,4,0,FIFA World Cup qualification,Montevideo,Uruguay,False,7,1973,pierde,Uruguay,13,0.0
1975-06-22,Ecuador,Peru,6,0,Friendly,Quito,Ecuador,False,6,1975,gana,Peru,10,0.0
1975-06-25,Ecuador,Peru,1,0,Friendly,Guayaquil,Ecuador,False,6,1975,gana,Peru,11,0.09090909090909091
1975-07-01,Peru,Ecuador,2,0,Friendly,Lima,Peru,False,7,1975,pierde,Peru,12,0.16666666666666666
1975-07-09,Bolivia,Ecuador,1,0,Friendly,Cochabamba,Bolivia,False,7,1975,pierde,Bolivia,9,0.0
1975-07-24,Ecuador,Paraguay,2,2,Copa América,Guayaquil,Ecuador,False,7,1975,empata,Paraguay,10,0.1
1975-07-27,Ecuador,Colombia,1,3,Copa América,Quito,Ecuador,False,7,1975,pierde,Colombia,11,0.5454545454545454
1975-08-07,Colombia,Ecuador,2,0,Copa América,Bogotá,Colombia,False,8,1975,pierde,Colombia,12,0.5
1975-08-10,Paraguay,Ecuador,3,1,Copa América,Asunción,Paraguay,False,8,1975,pierde,Paraguay,11,0.09090909090909091
1976-10-20,Ecuador,Uruguay,2,2,Friendly,Quito,Ecuador,False,10,1976,empata,Uruguay,14,0.0
1977-01-04,Uruguay,Ecuador,1,1,Friendly,Montevideo,Uruguay,False,1,1977,empata,Uruguay,15,0.0
1977-01-09,Paraguay,Ecuador,2,0,Friendly,Asunción,Paraguay,False,1,1977,pierde,Paraguay,12,0.08333333333333333
1977-01-16,Colombia,Ecuador,0,1,Friendly,Bogotá,Colombia,False,1,1977,gana,Colombia,13,0.46153846153846156
1977-01-20,Venezuela,Ecuador,1,0,Friendly,Acarigua,Venezuela,False,1,1977,pierde,Venezuela,1,1.0
1977-01-26,Ecuador,Colombia,4,1,Friendly,Quito,Ecuador,False,1,1977,gana,Colombia,14,0.5
1977-02-13,Ecuador,Paraguay,2,1,Friendly,Quito,Ecuador,False,2,1977,gana,Paraguay,13,0.07692307692307693
1977-02-20,Ecuador,Peru,1,1,FIFA World Cup qualification,Quito,Ecuador,False,2,1977,empata,Peru,13,0.15384615384615385
1977-02-27,Ecuador,Chile,0,1,FIFA World Cup qualification,Guayaquil,Ecuador,False,2,1977,pierde,Chile,16,0.0
1977-03-12,Peru,Ecuador,4,0,FIFA World Cup qualification,Lima,Peru,False,3,1977,pierde,Peru,14,0.14285714285714285
1977-03-20,Chile,Ecuador,3,0,FIFA World Cup qualification,Santiago,Chile,False,3,1977,pierde,Chile,17,0.0
1979-06-13,Chile,Ecuador,0,0,Friendly,Santiago,Chile,False,6,1979,empata,Chile,18,0.0
1979-06-21,Ecuador,Chile,2,1,Friendly,Guayaquil,Ecuador,False,6,1979,gana,Chile,19,0.0
1979-07-11,Peru,Ecuador,2,1,Friendly,Lima,Peru,False,7,1979,pierde,Peru,15,0.13333333333333333
1979-08-08,Ecuador,Peru,2,1,Friendly,Quito,Ecuador,False,8,1979,gana,Peru,16,0.125
1979-08-29,Ecuador,Paraguay,1,2,Copa América,Quito,Ecuador,False,8,1979,pierde,Paraguay,14,0.14285714285714285
1979-09-05,Ecuador,Uruguay,2,1,Copa América,Quito,Ecuador,False,9,1979,gana,Uruguay,16,0.0
1979-09-13,Paraguay,Ecuador,2,0,Copa América,Asunción,Paraguay,False,9,1979,pierde,Paraguay,15,0.13333333333333333
1979-09-16,Uruguay,Ecuador,2,1,Copa América,Montevideo,Uruguay,False,9,1979,pierde,Uruguay,17,0.058823529411764705
1981-01-27,Ecuador,Bulgaria,1,3,Friendly,Quito,Ecuador,False,1,1981,pierde,Bulgaria,0,0.5
1981-02-14,Ecuador,Brazil,0,6,Friendly,Quito,Ecuador,False,2,1981,pierde,Brazil,8,0.0
1981-05-17,Ecuador,Paraguay,1,0,FIFA World Cup qualification,Guayaquil,Ecuador,False,5,1981,gana,Paraguay,16,0.125
1981-05-24,Ecuador,Chile,0,0,FIFA World Cup qualification,Guayaquil,Ecuador,False,5,1981,empata,Chile,20,0.05
1981-05-31,Paraguay,Ecuador,3,1,FIFA World Cup qualification,Asunción,Paraguay,False,5,1981,pierde,Paraguay,17,0.17647058823529413
1981-06-14,Chile,Ecuador,2,0,FIFA World Cup qualification,Santiago,Chile,False,6,1981,pierde,Chile,21,0.047619047619047616
1983-07-26,Ecuador,Colombia,0,0,Friendly,Quito,Ecuador,False,7,1983,empata,Colombia,15,0.5333333333333333
1983-07-29,Colombia,Ecuador,0,0,Friendly,Bogotá,Colombia,False,7,1983,empata,Colombia,16,0.5
1983-08-10,Ecuador,Argentina,2,2,Copa América,Quito,Ecuador,False,8,1983,empata,Argentina,10,0.0
1983-08-17,Ecuador,Brazil,0,1,Copa América,Quito,Ecuador,False,8,1983,pierde,Brazil,9,0.0
1983-09-01,Brazil,Ecuador,5,0,Copa América,Goiânia,Brazil,False,9,1983,pierde,Brazil,10,0.0
1983-09-07,Argentina,Ecuador,2,2,Copa América,Buenos Aires,Argentina,False,9,1983,empata,Argentina,11,0.0
1984-11-30,United States,Ecuador,0,0,Friendly,Hempstead,United States,False,11,1984,empata,United States,0,0.5
1984-12-02,United States,Ecuador,2,2,Friendly,Miami,United States,False,12,1984,empata,United States,1,0.0
1984-12-04,Mexico,Ecuador,3,2,Friendly,Los Angeles,United States,True,12,1984,pierde,Mexico,1,0.0
1984-12-07,Honduras,Ecuador,0,0,Friendly,Tegucigalpa,Honduras,False,12,1984,empata,Honduras,0,0.5
1984-12-09,Guatemala,Ecuador,1,0,Friendly,Guatemala City,Guatemala,False,12,1984,pierde,Guatemala,0,0.5
1984-12-12,El Salvador,Ecuador,0,0,Friendly,San Salvador,El Salvador,False,12,1984,empata,El Salvador,0,0.5
1985-02-06,Ecuador,German DR,2,3,Friendly,Guayaquil,Ecuador,False,2,1985,pierde,German DR,1,0.0
1985-02-10,Ecuador,German DR,3,2,Friendly,Quito,Ecuador,False,2,1985,gana,German DR,2,0.0
1985-02-17,Ecuador,Finland,3,1,Friendly,Ambato,Ecuador,False,2,1985,gana,Finland,0,0.5
1985-02-21,Ecuador,Bolivia,3,0,Friendly,Quito,Ecuador,False,2,1985,gana,Bolivia,10,0.0
1985-03-03,Ecuador,Chile,1,1,FIFA World Cup qualification,Quito,Ecuador,False,3,1985,empata,Chile,22,0.045454545454545456
1985-03-10,Uruguay,Ecuador,2,1,FIFA World Cup qualification,Montevideo,Uruguay,False,3,1985,pierde,Uruguay,18,0.05555555555555555
1985-03-17,Chile,Ecuador,6,2,FIFA World Cup qualification,Santiago,Chile,False,3,1985,pierde,Chile,23,0.043478260869565216
1985-03-21,Peru,Ecuador,1,0,Friendly,Lima,Peru,False,3,1985,pierde,Peru,17,0.17647058823529413
1985-03-31,Ecuador,Uruguay,0,2,FIFA World Cup qualification,Quito,Ecuador,False,3,1985,pierde,Uruguay,19,0.05263157894736842
1987-03-31,Ecuador,Cuba,0,1,Friendly,Machala,Ecuador,False,3,1987,pierde,Cuba,0,0.5
1987-04-02,Ecuador,Cuba,0,0,Friendly,Azogues,Ecuador,False,4,1987,empata,Cuba,1,0.0
1987-06-11,Colombia,Ecuador,1,0,Friendly,Medellín,Colombia,False,6,1987,pierde,Colombia,17,0.47058823529411764
1987-06-14,Ecuador,Colombia,3,0,Friendly,Guayaquil,Ecuador,False,6,1987,gana,Colombia,18,0.4444444444444444
1987-06-19,Uruguay,Ecuador,2,1,Friendly,Montevideo,Uruguay,False,6,1987,pierde,Uruguay,20,0.05
1987-06-21,Brazil,Ecuador,4,1,Friendly,Florianópolis,Brazil,False,6,1987,pierde,Brazil,11,0.0
1987-07-02,Argentina,Ecuador,3,0,Copa América,Buenos Aires,Argentina,False,7,1987,pierde,Argentina,12,0.0
1987-07-04,Peru,Ecuador,1,1,Copa América,Buenos Aires,Argentina,True,7,1987,empata,Peru,18,0.16666666666666666
1988-06-07,United States,Ecuador,0,1,Friendly,Albuquerque,United States,False,6,1988,gana,United States,2,0.0
1988-06-10,United States,Ecuador,0,2,Friendly,Houston,United States,False,6,1988,gana,United States,3,0.3333333333333333
1988-06-12,United States,Ecuador,0,0,Friendly,Fort Worth,United States,False,6,1988,empata,United States,4,0.5
1988-06-15,Honduras,Ecuador,1,1,Friendly,Tegucigalpa,Honduras,False,6,1988,empata,Honduras,1,0.0
1988-06-17,Honduras,Ecuador,0,1,Friendly,Tegucigalpa,Honduras,False,6,1988,gana,Honduras,2,0.0
1988-09-07,Ecuador,Paraguay,1,5,Friendly,Guayaquil,Ecuador,False,9,1988,pierde,Paraguay,18,0.16666666666666666
1988-09-13,Chile,Ecuador,3,1,Friendly,La Serena,Chile,False,9,1988,pierde,Chile,24,0.041666666666666664
1988-09-27,Ecuador,Uruguay,1,2,Friendly,Asunción,Paraguay,True,9,1988,pierde,Uruguay,21,0.047619047619047616
1988-09-29,Chile,Ecuador,0,0,Friendly,Asunción,Paraguay,True,9,1988,empata,Chile,25,0.04
1989-01-29,Ecuador,Chile,1,0,Friendly,Guayaquil,Ecuador,False,1,1989,gana,Chile,26,0.038461538461538464
1989-03-15,Brazil,Ecuador,1,0,Friendly,Cuiabá,Brazil,False,3,1989,pierde,Brazil,12,0.0
1989-04-13,Ecuador,Argentina,2,2,Friendly,Guayaquil,Ecuador,False,4,1989,empata,Argentina,13,0.0
1989-05-03,Uruguay,Ecuador,3,1,Friendly,Montevideo,Uruguay,False,5,1989,pierde,Uruguay,22,0.045454545454545456
1989-05-23,Ecuador,Uruguay,1,1,Friendly,Quito,Ecuador,False,5,1989,empata,Uruguay,23,0.043478260869565216
1989-06-20,Ecuador,Peru,1,2,Friendly,Port of Spain,Trinidad and Tobago,True,6,1989,pierde,Peru,19,0.15789473684210525
1989-07-02,Uruguay,Ecuador,0,1,Copa América,Goiânia,Brazil,True,7,1989,gana,Uruguay,24,0.041666666666666664
1989-07-04,Argentina,Ecuador,0,0,Copa América,Goiânia,Brazil,True,7,1989,empata,Argentina,14,0.0
1989-07-06,Ecuador,Bolivia,0,0,Copa América,Goiânia,Brazil,True,7,1989,empata,Bolivia,11,0.09090909090909091
1989-07-10,Chile,Ecuador,2,1,Copa América,Goiânia,Brazil,True,7,1989,pierde,Chile,27,0.07407407407407407
1989-08-20,Colombia,Ecuador,2,0,FIFA World Cup qualification,Barranquilla,Colombia,False,8,1989,pierde,Colombia,19,0.47368421052631576
1989-09-03,Ecuador,Colombia,0,0,FIFA World Cup qualification,Guayaquil,Ecuador,False,9,1989,empata,Colombia,20,0.45
1989-09-10,Paraguay,Ecuador,2,1,FIFA World Cup qualification,Asunción,Paraguay,False,9,1989,pierde,Paraguay,19,0.15789473684210525
1989-09-24,Ecuador,Paraguay,3,1,FIFA World Cup qualification,Guayaquil,Ecuador,False,9,1989,gana,Paraguay,20,0.15
1991-06-06,Peru,Ecuador,0,1,Friendly,Lima,Peru,False,6,1991,gana,Peru,20,0.15
1991-06-19,Ecuador,Chile,2,1,Friendly,Guayaquil,Ecuador,False,6,1991,gana,Chile,28,0.07142857142857142
1991-06-25,Ecuador,Peru,2,2,Friendly,Guayaquil,Ecuador,False,6,1991,empata,Peru,21,0.19047619047619047
1991-06-30,Chile,Ecuador,3,1,Friendly,Santiago,Chile,False,6,1991,pierde,Chile,29,0.10344827586206896
1991-07-07,Colombia,Ecuador,1,0,Copa América,Valparaíso,Chile,True,7,1991,pierde,Colombia,21,0.42857142857142855
1991-07-09,Ecuador,Uruguay,1,1,Copa América,Viña del Mar,Chile,True,7,1991,empata,Uruguay,25,0.08
1991-07-13,Bolivia,Ecuador,0,4,Copa América,Viña del Mar,Chile,True,7,1991,gana,Bolivia,12,0.08333333333333333
1991-07-15,Brazil,Ecuador,3,1,Copa América,Viña del Mar,Chile,True,7,1991,pierde,Brazil,13,0.0
1992-05-24,Guatemala,Ecuador,1,1,Friendly,Guatemala City,Guatemala,False,5,1992,empata,Guatemala,1,0.0
1992-05-27,Costa Rica,Ecuador,2,1,Friendly,San José,Costa Rica,False,5,1992,pierde,Costa Rica,0,0.5
1992-07-04,Uruguay,Ecuador,3,1,Friendly,Montevideo,Uruguay,False,7,1992,pierde,Uruguay,26,0.07692307692307693
1992-08-06,Ecuador,Costa Rica,1,1,Friendly,Guayaquil,Ecuador,False,8,1992,empata,Costa Rica,1,0.0
1992-11-24,Peru,Ecuador,1,1,Friendly,Lima,Peru,False,11,1992,empata,Peru,22,0.18181818181818182
1993-01-27,Ecuador,Belarus,1,1,Friendly,Guayaquil,Ecuador,False,1,1993,empata,Belarus,0,0.5
1993-01-31,Ecuador,Romania,3,0,Friendly,Guayaquil,Ecuador,False,1,1993,gana,Romania,0,0.5
1993-05-30,Ecuador,Peru,1,0,Friendly,Quito,Ecuador,False,5,1993,gana,Peru,23,0.17391304347826086
1993-06-09,Ecuador,Chile,1,2,Friendly,Quito,Ecuador,False,6,1993,pierde,Chile,30,0.1
1993-06-15,Ecuador,Venezuela,6,1,Copa América,Quito,Ecuador,False,6,1993,gana,Venezuela,2,0.5
1993-06-19,Ecuador,United States,2,0,Copa América,Quito,Ecuador,False,6,1993,gana,United States,5,0.4
1993-06-22,Ecuador,Uruguay,2,1,Copa América,Quito,Ecuador,False,6,1993,gana,Uruguay,27,0.07407407407407407
1993-06-26,Ecuador,Paraguay,3,0,Copa América,Quito,Ecuador,False,6,1993,gana,Paraguay,21,0.19047619047619047
1993-06-30,Ecuador,Mexico,0,2,Copa América,Quito,Ecuador,False,6,1993,pierde,Mexico,2,0.0
1993-07-03,Ecuador,Colombia,0,1,Copa América,Portoviejo,Ecuador,False,7,1993,pierde,Colombia,22,0.4090909090909091
1993-07-18,Ecuador,Brazil,0,0,FIFA World Cup qualification,Guayaquil,Ecuador,False,7,1993,empata,Brazil,14,0.0
1993-08-01,Uruguay,Ecuador,0,0,FIFA World Cup qualification,Montevideo,Uruguay,False,8,1993,empata,Uruguay,28,0.10714285714285714
1993-08-08,Ecuador,Venezuela,5,0,FIFA World Cup qualification,Quito,Ecuador,False,8,1993,gana,Venezuela,3,0.6666666666666666
1993-08-15,Bolivia,Ecuador,1,0,FIFA World Cup qualification,La Paz,Bolivia,False,8,1993,pierde,Bolivia,13,0.15384615384615385
1993-08-22,Brazil,Ecuador,2,0,FIFA World Cup qualification,São Paulo,Brazil,False,8,1993,pierde,Brazil,15,0.0
1993-09-05,Ecuador,Uruguay,0,1,FIFA World Cup qualification,Guayaquil,Ecuador,False,9,1993,pierde,Uruguay,29,0.10344827586206896
1993-09-12,Venezuela,Ecuador,2,1,FIFA World Cup qualification,Puerto Ordaz,Venezuela,False,9,1993,pierde,Venezuela,4,0.75
1993-09-19,Ecuador,Bolivia,1,1,FIFA World Cup qualification,Guayaquil,Ecuador,False,9,1993,empata,Bolivia,14,0.14285714285714285
1994-05-25,Ecuador,Argentina,1,0,Friendly,Guayaquil,Ecuador,False,5,1994,gana,Argentina,15,0.0
1994-06-05,Ecuador,South Korea,2,1,Friendly,Wakefield,United States,True,6,1994,gana,South Korea,0,0.5
1994-08-17,Peru,Ecuador,2,0,Friendly,Lima,Peru,False,8,1994,pierde,Peru,24,0.20833333333333334
1994-09-21,Ecuador,Peru,0,0,Friendly,Machala,Ecuador,False,9,1994,empata,Peru,25,0.2
1995-05-24,Ecuador,Scotland,1,2,Kirin Cup,Toyama,Japan,True,5,1995,pierde,Scotland,0,0.5
1995-05-28,Japan,Ecuador,3,0,Kirin Cup,Tokyo,Japan,False,5,1995,pierde,Japan,0,0.5
1995-06-04,Ecuador,Zambia,4,1,Korea Cup,Changwon,South Korea,True,6,1995,gana,Zambia,0,0.5
1995-06-10,Costa Rica,Ecuador,1,2,Korea Cup,Seoul,South Korea,True,6,1995,gana,Costa Rica,2,0.0
1995-06-12,Ecuador,Zambia,1,0,Korea Cup,Seoul,South Korea,True,6,1995,gana,Zambia,1,1.0
1995-06-30,Paraguay,Ecuador,1,0,Friendly,Asunción,Paraguay,False,6,1995,pierde,Paraguay,22,0.22727272727272727
1995-07-07,Brazil,Ecuador,1,0,Copa América,Rivera,Uruguay,True,7,1995,pierde,Brazil,16,0.0
1995-07-10,Colombia,Ecuador,1,0,Copa América,Rivera,Uruguay,True,7,1995,pierde,Colombia,23,0.391304347826087
1995-07-13,Peru,Ecuador,1,2,Copa América,Rivera,Uruguay,True,7,1995,gana,Peru,26,0.19230769230769232
1995-10-25,Bolivia,Ecuador,2,2,Friendly,Santa Cruz,Bolivia,False,10,1995,empata,Bolivia,15,0.13333333333333333
1996-02-02,Venezuela,Ecuador,0,1,Friendly,Caracas,Venezuela,False,2,1996,gana,Venezuela,5,0.6
1996-02-11,Lebanon,Ecuador,1,0,Friendly,Bourj Hammoud,Lebanon,False,2,1996,pierde,Lebanon,0,0.5
1996-02-16,Oman,Ecuador,0,2,Friendly,Doha,Qatar,True,2,1996,gana,Oman,0,0.5
1996-02-18,Qatar,Ecuador,1,1,Friendly,Doha,Qatar,False,2,1996,empata,Qatar,0,0.5
1996-02-23,Kuwait,Ecuador,0,3,Friendly,Kuwait City,Kuwait,False,2,1996,gana,Kuwait,0,0.5
1996-02-25,Qatar,Ecuador,1,2,Friendly,Doha,Qatar,False,2,1996,gana,Qatar,1,0.0
1996-04-24,Ecuador,Peru,4,1,FIFA World Cup qualification,Guayaquil,Ecuador,False,4,1996,gana,Peru,27,0.2222222222222222
1996-06-02,Ecuador,Argentina,2,0,FIFA World Cup qualification,Quito,Ecuador,False,6,1996,gana,Argentina,16,0.0625
1996-06-30,Ecuador,Armenia,3,0,Friendly,Portoviejo,Ecuador,False,6,1996,gana,Armenia,0,0.5
1996-07-06,Chile,Ecuador,4,1,FIFA World Cup qualification,Santiago,Chile,False,7,1996,pierde,Chile,31,0.0967741935483871
1996-08-16,Ecuador,Costa Rica,1,1,Friendly,Cuenca,Ecuador,False,8,1996,empata,Costa Rica,3,0.3333333333333333
1996-09-01,Ecuador,Venezuela,1,0,FIFA World Cup qualification,Quito,Ecuador,False,9,1996,gana,Venezuela,6,0.6666666666666666
1996-10-04,Ecuador,Jamaica,2,1,Friendly,Ambato,Ecuador,False,10,1996,gana,Jamaica,0,0.5
1996-10-09,Ecuador,Colombia,0,1,FIFA World Cup qualification,Quito,Ecuador,False,10,1996,pierde,Colombia,24,0.375
1996-10-23,Mexico,Ecuador,0,1,Friendly,Oakland,United States,True,10,1996,gana,Mexico,3,0.0
1996-11-10,Paraguay,Ecuador,1,0,FIFA World Cup qualification,Asunción,Paraguay,False,11,1996,pierde,Paraguay,23,0.21739130434782608
1997-01-12,Bolivia,Ecuador,2,0,FIFA World Cup qualification,La Paz,Bolivia,False,1,1997,pierde,Bolivia,16,0.125
1997-02-05,Mexico,Ecuador,3,1,Friendly,Mexico City,Mexico,False,2,1997,pierde,Mexico,4,0.25
1997-02-11,Ecuador,Uruguay,4,0,FIFA World Cup qualification,Quito,Ecuador,False,2,1997,gana,Uruguay,30,0.1
1997-03-25,Guatemala,Ecuador,0,0,Friendly,Guatemala City,Guatemala,False,3,1997,empata,Guatemala,2,0.0
1997-04-02,Peru,Ecuador,1,1,FIFA World Cup qualification,Lima,Peru,False,4,1997,empata,Peru,28,0.25
1997-04-30,Argentina,Ecuador,2,1,FIFA World Cup qualification,Buenos Aires,Argentina,False,4,1997,pierde,Argentina,17,0.11764705882352941
1997-05-28,El Salvador,Ecuador,0,2,Friendly,San Salvador,El Salvador,False,5,1997,gana,El Salvador,1,0.0
1997-06-08,Ecuador,Chile,1,1,FIFA World Cup qualification,Quito,Ecuador,False,6,1997,empata,Chile,32,0.09375
1997-06-11,Argentina,Ecuador,0,0,Copa América,Cochabamba,Bolivia,True,6,1997,empata,Argentina,18,0.1111111111111111
1997-06-14,Paraguay,Ecuador,0,2,Copa América,Cochabamba,Bolivia,True,6,1997,gana,Paraguay,24,0.20833333333333334
1997-06-17,Chile,Ecuador,1,2,Copa América,Cochabamba,Bolivia,True,6,1997,gana,Chile,33,0.09090909090909091
1997-06-22,Ecuador,Mexico,1,1,Copa América,Cochabamba,Bolivia,True,6,1997,empata,Mexico,5,0.2
1997-07-06,Venezuela,Ecuador,1,1,FIFA World Cup qualification,Maracaibo,Venezuela,False,7,1997,empata,Venezuela,7,0.7142857142857143
1997-07-20,Colombia,Ecuador,1,0,FIFA World Cup qualification,Barranquilla,Colombia,False,7,1997,pierde,Colombia,25,0.36
1997-08-07,United States,Ecuador,0,1,Friendly,Baltimore,United States,False,8,1997,gana,United States,6,0.5
1997-08-20,Ecuador,Paraguay,2,1,FIFA World Cup qualification,Quito,Ecuador,False,8,1997,gana,Paraguay,25,0.24
1997-09-10,Brazil,Ecuador,4,2,Friendly,Salvador,Brazil,False,9,1997,pierde,Brazil,17,0.0
1997-10-12,Ecuador,Bolivia,1,0,FIFA World Cup qualification,Guayaquil,Ecuador,False,10,1997,gana,Bolivia,17,0.11764705882352941
1997-11-16,Uruguay,Ecuador,5,3,FIFA World Cup qualification,Maldonado,Uruguay,False,11,1997,pierde,Uruguay,31,0.12903225806451613
1998-10-14,Brazil,Ecuador,5,1,Friendly,"Washington, D.C.",United States,True,10,1998,pierde,Brazil,18,0.0
1999-01-28,Costa Rica,Ecuador,0,0,Friendly,Alajuela,Costa Rica,False,1,1999,empata,Costa Rica,4,0.25
1999-02-10,Peru,Ecuador,1,2,Friendly,Lima,Peru,False,2,1999,gana,Peru,29,0.2413793103448276
1999-02-17,Ecuador,Peru,1,2,Friendly,Guayaquil,Ecuador,False,2,1999,pierde,Peru,30,0.26666666666666666
1999-04-14,Mexico,Ecuador,0,0,Friendly,Monterrey,Mexico,False,4,1999,empata,Mexico,6,0.16666666666666666
1999-06-02,Ecuador,Iran,1,1,Friendly,Edmonton,Canada,True,6,1999,empata,Iran,1,0.0
1999-06-04,Ecuador,Guatemala,3,1,Friendly,Edmonton,Canada,True,6,1999,gana,Guatemala,3,0.0
1999-06-06,Canada,Ecuador,1,2,Friendly,Edmonton,Canada,False,6,1999,gana,Canada,0,0.5
1999-06-15,Venezuela,Ecuador,3,2,Friendly,San Cristóbal,Venezuela,False,6,1999,pierde,Venezuela,8,0.625
1999-07-01,Argentina,Ecuador,3,1,Copa América,Luque,Paraguay,True,7,1999,pierde,Argentina,19,0.10526315789473684
1999-07-04,Uruguay,Ecuador,2,1,Copa América,Luque,Paraguay,True,7,1999,pierde,Uruguay,32,0.125
1999-07-07,Colombia,Ecuador,2,1,Copa América,Luque,Paraguay,True,7,1999,pierde,Colombia,26,0.34615384615384615
1999-10-12,Uruguay,Ecuador,0,0,Friendly,Montevideo,Uruguay,False,10,1999,empata,Uruguay,33,0.12121212121212122
1999-10-27,Mexico,Ecuador,0,0,Friendly,Houston,United States,True,10,1999,empata,Mexico,7,0.14285714285714285
2000-03-08,Ecuador,Honduras,1,3,Friendly,Quito,Ecuador,False,3,2000,pierde,Honduras,3,0.3333333333333333
2000-03-29,Ecuador,Venezuela,2,0,FIFA World Cup qualification,Quito,Ecuador,False,3,2000,gana,Venezuela,9,0.5555555555555556
2000-04-26,Brazil,Ecuador,3,2,FIFA World Cup qualification,São Paulo,Brazil,False,4,2000,pierde,Brazil,19,0.0
2000-06-03,Paraguay,Ecuador,3,1,FIFA World Cup qualification,Asunción,Paraguay,False,6,2000,pierde,Paraguay,26,0.2692307692307692
2000-06-25,Ecuador,Panama,5,0,Friendly,Quito,Ecuador,False,6,2000,gana,Panama,0,0.5
2000-06-29,Ecuador,Peru,2,1,FIFA World Cup qualification,Quito,Ecuador,False,6,2000,gana,Peru,31,0.25806451612903225
2000-07-19,Argentina,Ecuador,2,0,FIFA World Cup qualification,Buenos Aires,Argentina,False,7,2000,pierde,Argentina,20,0.1
2000-07-25,Ecuador,Colombia,0,0,FIFA World Cup qualification,Quito,Ecuador,False,7,2000,empata,Colombia,27,0.3333333333333333
2000-08-11,Panama,Ecuador,0,0,Friendly,Panama City,Panama,False,8,2000,empata,Panama,1,1.0
2000-08-16,Ecuador,Bolivia,2,0,FIFA World Cup qualification,Quito,Ecuador,False,8,2000,gana,Bolivia,18,0.16666666666666666
2000-09-03,Uruguay,Ecuador,4,0,FIFA World Cup qualification,Montevideo,Uruguay,False,9,2000,pierde,Uruguay,34,0.11764705882352941
2000-09-20,Mexico,Ecuador,2,0,Friendly,San Diego,United States,True,9,2000,pierde,Mexico,8,0.125
2000-10-08,Ecuador,Chile,1,0,FIFA World Cup qualification,Quito,Ecuador,False,10,2000,gana,Chile,34,0.11764705882352941
2000-11-15,Venezuela,Ecuador,1,2,FIFA World Cup qualification,Maracaibo,Venezuela,False,11,2000,gana,Venezuela,10,0.6
2001-03-28,Ecuador,Brazil,1,0,FIFA World Cup qualification,Quito,Ecuador,False,3,2001,gana,Brazil,20,0.0
2001-04-24,Ecuador,Paraguay,2,1,FIFA World Cup qualification,Quito,Ecuador,False,4,2001,gana,Paraguay,27,0.25925925925925924
2001-06-02,Peru,Ecuador,1,2,FIFA World Cup qualification,Lima,Peru,False,6,2001,gana,Peru,32,0.28125
2001-06-07,United States,Ecuador,0,0,Friendly,Columbus,United States,False,6,2001,empata,United States,7,0.5714285714285714
2001-07-02,El Salvador,Ecuador,0,1,Friendly,East Rutherford,United States,True,7,2001,gana,El Salvador,2,0.5
2001-07-07,Honduras,Ecuador,1,1,Friendly,Miami,United States,True,7,2001,empata,Honduras,4,0.25
2001-07-11,Ecuador,Chile,1,4,Copa América,Barranquilla,Colombia,True,7,2001,pierde,Chile,35,0.14285714285714285
2001-07-14,Colombia,Ecuador,1,0,Copa América,Barranquilla,Colombia,False,7,2001,pierde,Colombia,28,0.32142857142857145
2001-07-17,Ecuador,Venezuela,4,0,Copa América,Barranquilla,Colombia,True,7,2001,gana,Venezuela,11,0.6363636363636364
2001-08-15,Ecuador,Argentina,0,2,FIFA World Cup qualification,Quito,Ecuador,False,8,2001,pierde,Argentina,21,0.09523809523809523
2001-09-05,Colombia,Ecuador,0,0,FIFA World Cup qualification,Bogotá,Colombia,False,9,2001,empata,Colombia,29,0.3103448275862069
2001-10-06,Bolivia,Ecuador,1,5,FIFA World Cup qualification,La Paz,Bolivia,False,10,2001,gana,Bolivia,19,0.21052631578947367
2001-11-07,Ecuador,Uruguay,1,1,FIFA World Cup qualification,Quito,Ecuador,False,11,2001,empata,Uruguay,35,0.11428571428571428
2001-11-14,Chile,Ecuador,0,0,FIFA World Cup qualification,Santiago,Chile,False,11,2001,empata,Chile,36,0.1388888888888889
2002-01-12,Ecuador,Guatemala,1,0,Friendly,Guayaquil,Ecuador,False,1,2002,gana,Guatemala,4,0.25
2002-01-20,Ecuador,Haiti,0,2,Gold Cup,Miami,United States,True,1,2002,pierde,Haiti,2,0.5
2002-01-22,Canada,Ecuador,0,2,Gold Cup,Miami,United States,True,1,2002,gana,Canada,1,1.0
2002-02-12,Turkey,Ecuador,0,1,Friendly,Breda,Netherlands,True,2,2002,gana,Turkey,0,0.5
2002-03-10,United States,Ecuador,1,0,Friendly,Birmingham,United States,False,3,2002,pierde,United States,8,0.5
2002-03-27,Bulgaria,Ecuador,0,3,Friendly,East Rutherford,United States,True,3,2002,gana,Bulgaria,1,0.0
2002-04-17,Ecuador,South Africa,0,0,Friendly,Murcia,Spain,True,4,2002,empata,South Africa,0,0.5
2002-05-08,Ecuador,Serbia,1,0,Friendly,East Rutherford,United States,True,5,2002,gana,Serbia,0,0.5
2002-05-23,Ecuador,Senegal,0,1,Friendly,Tottori,Japan,True,5,2002,pierde,Senegal,0,0.5
2002-06-03,Italy,Ecuador,2,0,FIFA World Cup,Sapporo,Japan,True,6,2002,pierde,Italy,0,0.5
2002-06-09,Mexico,Ecuador,2,1,FIFA World Cup,Rifu,Japan,True,6,2002,pierde,Mexico,9,0.1111111111111111
2002-06-13,Ecuador,Croatia,1,0,FIFA World Cup,Yokohama,Japan,True,6,2002,gana,Croatia,0,0.5
2002-10-16,Costa Rica,Ecuador,1,1,Friendly,San José,Costa Rica,False,10,2002,empata,Costa Rica,5,0.2
2002-10-20,Venezuela,Ecuador,2,0,Friendly,Caracas,Venezuela,False,10,2002,pierde,Venezuela,12,0.6666666666666666
2002-11-20,Ecuador,Costa Rica,2,2,Friendly,Quito,Ecuador,False,11,2002,empata,Costa Rica,6,0.16666666666666666
2003-02-09,Ecuador,Estonia,1,0,Friendly,Guayaquil,Ecuador,False,2,2003,gana,Estonia,0,0.5
2003-02-12,Ecuador,Estonia,2,1,Friendly,Quito,Ecuador,False,2,2003,gana,Estonia,1,1.0
2003-04-30,Spain,Ecuador,4,0,Friendly,Madrid,Spain,False,4,2003,pierde,Spain,0,0.5
2003-06-08,Colombia,Ecuador,0,0,Friendly,Madrid,Spain,True,6,2003,empata,Colombia,30,0.3
2003-06-11,Ecuador,Peru,2,2,Friendly,East Rutherford,United States,True,6,2003,empata,Peru,33,0.30303030303030304
2003-08-20,Ecuador,Guatemala,2,0,Friendly,Ambato,Ecuador,False,8,2003,gana,Guatemala,5,0.4
2003-09-06,Ecuador,Venezuela,2,0,FIFA World Cup qualification,Quito,Ecuador,False,9,2003,gana,Venezuela,13,0.6153846153846154
2003-09-10,Brazil,Ecuador,1,0,FIFA World Cup qualification,Manaus,Brazil,False,9,2003,pierde,Brazil,21,0.047619047619047616
2003-11-15,Paraguay,Ecuador,2,1,FIFA World Cup qualification,Asunción,Paraguay,False,11,2003,pierde,Paraguay,28,0.2857142857142857
2003-11-19,Ecuador,Peru,0,0,FIFA World Cup qualification,Quito,Ecuador,False,11,2003,empata,Peru,34,0.29411764705882354
2003-12-28,Catalonia,Ecuador,4,2,Friendly,Barcelona,Spain,False,12,2003,pierde,Catalonia,0,0.5
2004-03-10,Mexico,Ecuador,2,1,Friendly,Tuxtla Gutiérrez,Mexico,False,3,2004,pierde,Mexico,10,0.1
2004-03-30,Argentina,Ecuador,1,0,FIFA World Cup qualification,Buenos Aires,Argentina,False,3,2004,pierde,Argentina,22,0.09090909090909091
2004-04-28,Honduras,Ecuador,1,1,Friendly,Fort Lauderdale,United States,True,4,2004,empata,Honduras,5,0.2
2004-06-02,Ecuador,Colombia,2,1,FIFA World Cup qualification,Quito,Ecuador,False,6,2004,gana,Colombia,31,0.2903225806451613
2004-06-05,Ecuador,Bolivia,3,2,FIFA World Cup qualification,Quito,Ecuador,False,6,2004,gana,Bolivia,20,0.25
2004-07-07,Argentina,Ecuador,6,1,Copa América,Chiclayo,Peru,True,7,2004,pierde,Argentina,23,0.08695652173913043
2004-07-10,Uruguay,Ecuador,2,1,Copa América,Chiclayo,Peru,True,7,2004,pierde,Uruguay,36,0.1111111111111111
2004-07-13,Mexico,Ecuador,2,1,Copa América,Piura,Peru,True,7,2004,pierde,Mexico,11,0.09090909090909091
2004-09-05,Uruguay,Ecuador,1,0,FIFA World Cup qualification,Montevideo,Uruguay,False,9,2004,pierde,Uruguay,37,0.10810810810810811
2004-10-10,Ecuador,Chile,2,0,FIFA World Cup qualification,Quito,Ecuador,False,10,2004,gana,Chile,37,0.13513513513513514
2004-10-14,Venezuela,Ecuador,3,1,FIFA World Cup qualification,San Cristóbal,Venezuela,False,10,2004,pierde,Venezuela,14,0.6428571428571429
2004-10-20,Ecuador,Jordan,0,3,Friendly,Tripoli,Libya,True,10,2004,pierde,Jordan,0,0.5
2004-10-22,Nigeria,Ecuador,2,2,Friendly,Tripoli,Libya,True,10,2004,empata,Nigeria,0,0.5
2004-10-27,Mexico,Ecuador,2,1,Friendly,East Rutherford,United States,True,10,2004,pierde,Mexico,12,0.08333333333333333
2004-11-17,Ecuador,Brazil,1,0,FIFA World Cup qualification,Quito,Ecuador,False,11,2004,gana,Brazil,22,0.045454545454545456
2005-01-26,Ecuador,Panama,2,0,Friendly,Ambato,Ecuador,False,1,2005,gana,Panama,2,0.5
2005-01-29,Ecuador,Panama,2,0,Friendly,Babahoyo,Ecuador,False,1,2005,gana,Panama,3,0.6666666666666666
2005-02-09,Chile,Ecuador,3,0,Friendly,Viña del Mar,Chile,False,2,2005,pierde,Chile,38,0.15789473684210525
2005-02-16,Costa Rica,Ecuador,1,2,Friendly,Heredia,Costa Rica,False,2,2005,gana,Costa Rica,7,0.14285714285714285
2005-03-27,Ecuador,Paraguay,5,2,FIFA World Cup qualification,Quito,Ecuador,False,3,2005,gana,Paraguay,29,0.27586206896551724
2005-03-30,Peru,Ecuador,2,2,FIFA World Cup qualification,Lima,Peru,False,3,2005,empata,Peru,35,0.2857142857142857
2005-05-04,Ecuador,Paraguay,1,0,Friendly,East Rutherford,United States,True,5,2005,gana,Paraguay,30,0.3
2005-06-04,Ecuador,Argentina,2,0,FIFA World Cup qualification,Quito,Ecuador,False,6,2005,gana,Argentina,24,0.08333333333333333
2005-06-08,Colombia,Ecuador,3,0,FIFA World Cup qualification,Barranquilla,Colombia,False,6,2005,pierde,Colombia,32,0.3125
2005-06-11,Ecuador,Italy,1,1,Friendly,East Rutherford,United States,True,6,2005,empata,Italy,1,0.0
2005-08-17,Ecuador,Venezuela,3,1,Friendly,Loja,Ecuador,False,8,2005,gana,Venezuela,15,0.6
2005-09-03,Bolivia,Ecuador,1,2,FIFA World Cup qualification,La Paz,Bolivia,False,9,2005,gana,Bolivia,21,0.2857142857142857
2005-10-08,Ecuador,Uruguay,0,0,FIFA World Cup qualification,Quito,Ecuador,False,10,2005,empata,Uruguay,38,0.10526315789473684
2005-10-12,Chile,Ecuador,0,0,FIFA World Cup qualification,Santiago,Chile,False,10,2005,empata,Chile,39,0.15384615384615385
2005-11-13,Ecuador,Poland,0,3,Friendly,Barcelona,Spain,True,11,2005,pierde,Poland,0,0.5
2005-12-27,Ecuador,Senegal,1,2,Friendly,Cairo,Egypt,True,12,2005,pierde,Senegal,1,0.0
2005-12-29,Ecuador,Uganda,1,2,Friendly,Cairo,Egypt,True,12,2005,pierde,Uganda,0,0.5
2006-01-25,Ecuador,Honduras,1,0,Friendly,Guayaquil,Ecuador,False,1,2006,gana,Honduras,6,0.16666666666666666
2006-03-01,Netherlands,Ecuador,1,0,Friendly,Amsterdam,Netherlands,False,3,2006,pierde,Netherlands,0,0.5
2006-03-30,Japan,Ecuador,1,0,Friendly,Ōita,Japan,False,3,2006,pierde,Japan,1,0.0
2006-05-24,Colombia,Ecuador,1,1,Friendly,East Rutherford,United States,True,5,2006,empata,Colombia,33,0.30303030303030304
2006-05-28,North Macedonia,Ecuador,2,1,Friendly,Getafe,Spain,True,5,2006,pierde,North Macedonia,0,0.5
2006-06-09,Poland,Ecuador,0,2,FIFA World Cup,Gelsenkirchen,Germany,True,6,2006,gana,Poland,1,0.0
2006-06-15,Ecuador,Costa Rica,3,0,FIFA World Cup,Hamburg,Germany,True,6,2006,gana,Costa Rica,8,0.25
2006-06-20,Germany,Ecuador,3,0,FIFA World Cup,Berlin,Germany,False,6,2006,pierde,Germany,0,0.5
2006-06-25,England,Ecuador,1,0,FIFA World Cup,Stuttgart,Germany,True,6,2006,pierde,England,1,0.0
2006-09-06,Ecuador,Peru,1,1,Friendly,East Rutherford,United States,True,9,2006,empata,Peru,36,0.2777777777777778
2006-10-10,Brazil,Ecuador,2,1,Friendly,Solna,Sweden,True,10,2006,pierde,Brazil,23,0.08695652173913043
2006-12-28,Galicia,Ecuador,1,1,Friendly,La Coruña,Spain,False,12,2006,empata,Galicia,0,0.5
2007-01-18,Ecuador,Sweden,2,1,Friendly,Cuenca,Ecuador,False,1,2007,gana,Sweden,0,0.5
2007-01-21,Ecuador,Sweden,1,1,Friendly,Quito,Ecuador,False,1,2007,empata,Sweden,1,1.0
2007-03-25,United States,Ecuador,3,1,Friendly,Tampa,United States,False,3,2007,pierde,United States,9,0.4444444444444444
2007-03-28,Mexico,Ecuador,4,2,Friendly,Oakland,United States,True,3,2007,pierde,Mexico,13,0.07692307692307693
2007-05-23,Ecuador,Republic of Ireland,1,1,Friendly,East Rutherford,United States,True,5,2007,empata,Republic of Ireland,1,0.0
2007-06-03,Ecuador,Peru,1,2,Friendly,Madrid,Spain,True,6,2007,pierde,Peru,37,0.2702702702702703
2007-06-06,Ecuador,Peru,2,0,Friendly,Barcelona,Spain,True,6,2007,gana,Peru,38,0.2631578947368421
2007-06-23,Colombia,Ecuador,3,1,Friendly,Barranquilla,Colombia,False,6,2007,pierde,Colombia,34,0.29411764705882354
2007-06-27,Ecuador,Chile,2,3,Copa América,Puerto Ordaz,Venezuela,True,6,2007,pierde,Chile,40,0.15
2007-07-01,Mexico,Ecuador,2,1,Copa América,Maturín,Venezuela,True,7,2007,pierde,Mexico,14,0.07142857142857142
2007-07-04,Brazil,Ecuador,1,0,Copa América,Puerto la Cruz,Venezuela,True,7,2007,pierde,Brazil,24,0.08333333333333333
2007-08-22,Ecuador,Bolivia,1,0,Friendly,Quito,Ecuador,False,8,2007,gana,Bolivia,22,0.3181818181818182
2007-09-08,Ecuador,El Salvador,5,1,Friendly,Quito,Ecuador,False,9,2007,gana,El Salvador,3,0.6666666666666666
2007-09-12,Honduras,Ecuador,2,1,Friendly,San Pedro Sula,Honduras,False,9,2007,pierde,Honduras,7,0.2857142857142857
2007-10-13,Ecuador,Venezuela,0,1,FIFA World Cup qualification,Quito,Ecuador,False,10,2007,pierde,Venezuela,16,0.625
2007-10-17,Brazil,Ecuador,5,0,FIFA World Cup qualification,Rio de Janeiro,Brazil,False,10,2007,pierde,Brazil,25,0.08
2007-11-17,Paraguay,Ecuador,5,1,FIFA World Cup qualification,Asunción,Paraguay,False,11,2007,pierde,Paraguay,31,0.3225806451612903
2007-11-21,Ecuador,Peru,5,1,FIFA World Cup qualification,Quito,Ecuador,False,11,2007,gana,Peru,39,0.28205128205128205
2008-03-26,Ecuador,Haiti,3,1,Friendly,Latacunga,Ecuador,False,3,2008,gana,Haiti,3,0.3333333333333333
2008-05-27,France,Ecuador,2,0,Friendly,Grenoble,France,False,5,2008,pierde,France,0,0.5
2008-06-15,Argentina,Ecuador,1,1,FIFA World Cup qualification,Buenos Aires,Argentina,False,6,2008,empata,Argentina,25,0.12
2008-06-18,Ecuador,Colombia,0,0,FIFA World Cup qualification,Quito,Ecuador,False,6,2008,empata,Colombia,35,0.2857142857142857
2008-08-20,Colombia,Ecuador,0,1,Friendly,East Rutherford,United States,True,8,2008,gana,Colombia,36,0.2777777777777778
2008-09-06,Ecuador,Bolivia,3,1,FIFA World Cup qualification,Quito,Ecuador,False,9,2008,gana,Bolivia,23,0.34782608695652173
2008-09-10,Uruguay,Ecuador,0,0,FIFA World Cup qualification,Montevideo,Uruguay,False,9,2008,empata,Uruguay,39,0.10256410256410256
2008-10-12,Ecuador,Chile,1,0,FIFA World Cup qualification,Quito,Ecuador,False,10,2008,gana,Chile,41,0.14634146341463414
2008-10-15,Venezuela,Ecuador,3,1,FIFA World Cup qualification,Puerto la Cruz,Venezuela,False,10,2008,pierde,Venezuela,17,0.5882352941176471
2008-11-12,Mexico,Ecuador,2,1,Friendly,Phoenix,United States,True,11,2008,pierde,Mexico,15,0.06666666666666667
2008-12-17,Iran,Ecuador,0,1,Friendly,Muscat,Oman,True,12,2008,gana,Iran,2,0.0
2008-12-19,Oman,Ecuador,2,0,Friendly,Muscat,Oman,False,12,2008,pierde,Oman,1,1.0
2009-03-29,Ecuador,Brazil,1,1,FIFA World Cup qualification,Quito,Ecuador,False,3,2009,empata,Brazil,26,0.07692307692307693
2009-04-01,Ecuador,Paraguay,1,1,FIFA World Cup qualification,Quito,Ecuador,False,4,2009,empata,Paraguay,32,0.3125
2009-05-27,El Salvador,Ecuador,3,1,Friendly,Los Angeles,United States,True,5,2009,pierde,El Salvador,4,0.75
2009-06-07,Peru,Ecuador,1,2,FIFA World Cup qualification,Lima,Peru,False,6,2009,gana,Peru,40,0.3
2009-06-10,Ecuador,Argentina,2,0,FIFA World Cup qualification,Quito,Ecuador,False,6,2009,gana,Argentina,26,0.11538461538461539
2009-08-12,Ecuador,Jamaica,0,0,Friendly,East Rutherford,United States,True,8,2009,empata,Jamaica,1,1.0
2009-09-05,Colombia,Ecuador,2,0,FIFA World Cup qualification,Medellín,Colombia,False,9,2009,pierde,Colombia,37,0.2972972972972973
2009-09-09,Bolivia,Ecuador,1,3,FIFA World Cup qualification,La Paz,Bolivia,False,9,2009,gana,Bolivia,24,0.375
2009-10-10,Ecuador,Uruguay,1,2,FIFA World Cup qualification,Quito,Ecuador,False,10,2009,pierde,Uruguay,40,0.1
2009-10-14,Chile,Ecuador,1,0,FIFA World Cup qualification,Santiago,Chile,False,10,2009,pierde,Chile,42,0.16666666666666666
2010-05-07,Mexico,Ecuador,0,0,Friendly,East Rutherford,United States,True,5,2010,empata,Mexico,16,0.0625
2010-05-16,South Korea,Ecuador,2,0,Friendly,Seoul,South Korea,False,5,2010,pierde,South Korea,1,1.0
2010-09-04,Mexico,Ecuador,1,2,Friendly,Zapopan,Mexico,False,9,2010,gana,Mexico,17,0.058823529411764705
2010-09-07,Venezuela,Ecuador,1,0,Friendly,Barquisimeto,Venezuela,False,9,2010,pierde,Venezuela,18,0.5555555555555556
2010-10-08,Colombia,Ecuador,1,0,Friendly,Harrison,United States,True,10,2010,pierde,Colombia,38,0.2894736842105263
2010-10-12,Ecuador,Poland,2,2,Friendly,Montreal,Canada,True,10,2010,empata,Poland,2,0.5
2010-11-17,Ecuador,Venezuela,4,1,Friendly,Quito,Ecuador,False,11,2010,gana,Venezuela,19,0.5263157894736842
2011-02-09,Honduras,Ecuador,1,1,Friendly,La Ceiba,Honduras,False,2,2011,empata,Honduras,8,0.25
2011-03-26,Colombia,Ecuador,2,0,Friendly,Madrid,Spain,True,3,2011,pierde,Colombia,39,0.28205128205128205
2011-03-29,Ecuador,Peru,0,0,Friendly,The Hague,Netherlands,True,3,2011,empata,Peru,41,0.3170731707317073
2011-04-20,Argentina,Ecuador,2,2,Friendly,Mar del Plata,Argentina,False,4,2011,empata,Argentina,27,0.14814814814814814
2011-05-28,Mexico,Ecuador,1,1,Friendly,Seattle,United States,True,5,2011,empata,Mexico,18,0.1111111111111111
2011-06-01,Canada,Ecuador,2,2,Friendly,Toronto,Canada,False,6,2011,empata,Canada,2,1.0
2011-06-07,Ecuador,Greece,1,1,Friendly,New York,United States,True,6,2011,empata,Greece,0,0.5
2011-07-03,Paraguay,Ecuador,0,0,Copa América,Santa Fe,Argentina,True,7,2011,empata,Paraguay,33,0.30303030303030304
2011-07-09,Venezuela,Ecuador,1,0,Copa América,Salta,Argentina,True,7,2011,pierde,Venezuela,20,0.55
2011-07-13,Brazil,Ecuador,4,2,Copa América,Córdoba,Argentina,True,7,2011,pierde,Brazil,27,0.07407407407407407
2011-08-10,Costa Rica,Ecuador,0,2,Friendly,San José,Costa Rica,False,8,2011,gana,Costa Rica,9,0.3333333333333333
2011-09-02,Ecuador,Jamaica,5,2,Friendly,Quito,Ecuador,False,9,2011,gana,Jamaica,2,0.5
2011-09-06,Ecuador,Costa Rica,4,0,Friendly,Quito,Ecuador,False,9,2011,gana,Costa Rica,10,0.4
2011-10-07,Ecuador,Venezuela,2,0,FIFA World Cup qualification,Quito,Ecuador,False,10,2011,gana,Venezuela,21,0.5238095238095238
2011-10-11,United States,Ecuador,0,1,Friendly,Harrison,United States,False,10,2011,gana,United States,10,0.4
2011-11-11,Paraguay,Ecuador,2,1,FIFA World Cup qualification,Asunción,Paraguay,False,11,2011,pierde,Paraguay,34,0.29411764705882354
2011-11-15,Ecuador,Peru,2,0,FIFA World Cup qualification,Quito,Ecuador,False,11,2011,gana,Peru,42,0.30952380952380953
2012-02-29,Ecuador,Honduras,2,0,Friendly,Guayaquil,Ecuador,False,2,2012,gana,Honduras,9,0.2222222222222222
2012-06-02,Argentina,Ecuador,4,0,FIFA World Cup qualification,Buenos Aires,Argentina,False,6,2012,pierde,Argentina,28,0.14285714285714285
2012-06-10,Ecuador,Colombia,1,0,FIFA World Cup qualification,Quito,Ecuador,False,6,2012,gana,Colombia,40,0.275
2012-08-15,Ecuador,Chile,3,0,Friendly,New York,United States,True,8,2012,gana,Chile,43,0.16279069767441862
2012-09-07,Ecuador,Bolivia,1,0,FIFA World Cup qualification,Quito,Ecuador,False,9,2012,gana,Bolivia,25,0.4
2012-09-11,Uruguay,Ecuador,1,1,FIFA World Cup qualification,Montevideo,Uruguay,False,9,2012,empata,Uruguay,41,0.0975609756097561
2012-10-12,Ecuador,Chile,3,1,FIFA World Cup qualification,Quito,Ecuador,False,10,2012,gana,Chile,44,0.18181818181818182
2012-10-16,Venezuela,Ecuador,1,1,FIFA World Cup qualification,Puerto la Cruz,Venezuela,False,10,2012,empata,Venezuela,22,0.5454545454545454
2013-02-06,Portugal,Ecuador,2,3,Friendly,Guimarães,Portugal,False,2,2013,gana,Portugal,1,0.0
2013-03-21,Ecuador,El Salvador,5,0,Friendly,Quito,Ecuador,False,3,2013,gana,El Salvador,5,0.6
2013-03-26,Ecuador,Paraguay,4,1,FIFA World Cup qualification,Quito,Ecuador,False,3,2013,gana,Paraguay,35,0.2857142857142857
2013-05-29,Ecuador,Germany,2,4,Friendly,Boca Raton,United States,True,5,2013,pierde,Germany,1,0.0
2013-06-07,Peru,Ecuador,1,0,FIFA World Cup qualification,Lima,Peru,False,6,2013,pierde,Peru,43,0.32558139534883723
2013-06-11,Ecuador,Argentina,1,1,FIFA World Cup qualification,Quito,Ecuador,False,6,2013,empata,Argentina,29,0.13793103448275862
2013-08-14,Ecuador,Spain,0,2,Friendly,Guayaquil,Ecuador,False,8,2013,pierde,Spain,1,0.0
2013-09-06,Colombia,Ecuador,1,0,FIFA World Cup qualification,Barranquilla,Colombia,False,9,2013,pierde,Colombia,41,0.2926829268292683
2013-09-10,Bolivia,Ecuador,1,1,FIFA World Cup qualification,La Paz,Bolivia,False,9,2013,empata,Bolivia,26,0.4230769230769231
2013-10-11,Ecuador,Uruguay,1,0,FIFA World Cup qualification,Quito,Ecuador,False,10,2013,gana,Uruguay,42,0.09523809523809523
2013-10-15,Chile,Ecuador,2,1,FIFA World Cup qualification,Santiago,Chile,False,10,2013,pierde,Chile,45,0.2
2013-11-15,Argentina,Ecuador,0,0,Friendly,East Rutherford,United States,True,11,2013,empata,Argentina,30,0.13333333333333333
2013-11-19,Honduras,Ecuador,2,2,Friendly,Houston,United States,True,11,2013,empata,Honduras,10,0.3
2014-03-05,Australia,Ecuador,3,4,Friendly,London,England,True,3,2014,gana,Australia,0,0.5
2014-05-17,Netherlands,Ecuador,1,1,Friendly,Amsterdam,Netherlands,False,5,2014,empata,Netherlands,1,0.0
2014-05-31,Mexico,Ecuador,3,1,Friendly,Arlington,United States,True,5,2014,pierde,Mexico,19,0.10526315789473684
2014-06-04,Ecuador,England,2,2,Friendly,Miami Gardens,United States,True,6,2014,empata,England,2,0.0
2014-06-15,Switzerland,Ecuador,2,1,FIFA World Cup,Brasília,Brazil,True,6,2014,pierde,Switzerland,0,0.5
2014-06-20,Honduras,Ecuador,1,2,FIFA World Cup,Curitiba,Brazil,True,6,2014,gana,Honduras,11,0.2727272727272727
2014-06-25,Ecuador,France,0,0,FIFA World Cup,Rio de Janeiro,Brazil,True,6,2014,empata,France,1,0.0
2015-03-31,Argentina,Ecuador,2,1,Friendly,East Rutherford,United States,True,3,2015,pierde,Argentina,31,0.12903225806451613
2015-06-03,Panama,Ecuador,1,1,Friendly,Panama City,Panama,False,6,2015,empata,Panama,4,0.75
2015-06-06,Ecuador,Panama,4,0,Friendly,Portoviejo,Ecuador,False,6,2015,gana,Panama,5,0.6
2015-06-11,Chile,Ecuador,2,0,Copa América,Santiago,Chile,False,6,2015,pierde,Chile,46,0.1956521739130435
2015-06-15,Ecuador,Bolivia,2,3,Copa América,Valparaíso,Chile,True,6,2015,pierde,Bolivia,27,0.4074074074074074
2015-06-19,Mexico,Ecuador,1,2,Copa América,Rancagua,Chile,True,6,2015,gana,Mexico,20,0.1
2015-09-08,Ecuador,Honduras,2,0,Friendly,Quito,Ecuador,False,9,2015,gana,Honduras,12,0.3333333333333333
2015-10-08,Argentina,Ecuador,0,2,FIFA World Cup qualification,Buenos Aires,Argentina,False,10,2015,gana,Argentina,32,0.125
2015-10-13,Ecuador,Bolivia,2,0,FIFA World Cup qualification,Quito,Ecuador,False,10,2015,gana,Bolivia,28,0.39285714285714285
2015-11-12,Ecuador,Uruguay,2,1,FIFA World Cup qualification,Quito,Ecuador,False,11,2015,gana,Uruguay,43,0.11627906976744186
2015-11-17,Venezuela,Ecuador,1,3,FIFA World Cup qualification,Ciudad Guayana,Venezuela,False,11,2015,gana,Venezuela,23,0.5217391304347826
2016-03-24,Ecuador,Paraguay,2,2,FIFA World Cup qualification,Quito,Ecuador,False,3,2016,empata,Paraguay,36,0.3055555555555556
2016-03-29,Colombia,Ecuador,3,1,FIFA World Cup qualification,Barranquilla,Colombia,False,3,2016,pierde,Colombia,42,0.2857142857142857
2016-06-04,Brazil,Ecuador,0,0,Copa América,Pasadena,United States,True,6,2016,empata,Brazil,28,0.07142857142857142
2016-06-08,Ecuador,Peru,2,2,Copa América,Glendale,United States,True,6,2016,empata,Peru,44,0.3181818181818182
2016-06-12,Ecuador,Haiti,4,0,Copa América,East Rutherford,United States,True,6,2016,gana,Haiti,4,0.5
2016-06-16,United States,Ecuador,2,1,Copa América,Seattle,United States,False,6,2016,pierde,United States,11,0.45454545454545453
2016-09-01,Ecuador,Brazil,0,3,FIFA World Cup qualification,Quito,Ecuador,False,9,2016,pierde,Brazil,29,0.06896551724137931
2016-09-06,Peru,Ecuador,2,1,FIFA World Cup qualification,Lima,Peru,False,9,2016,pierde,Peru,45,0.3111111111111111
2016-10-06,Ecuador,Chile,3,0,FIFA World Cup qualification,Quito,Ecuador,False,10,2016,gana,Chile,47,0.19148936170212766
2016-10-11,Bolivia,Ecuador,2,2,FIFA World Cup qualification,La Paz,Bolivia,False,10,2016,empata,Bolivia,29,0.41379310344827586
2016-11-10,Uruguay,Ecuador,2,1,FIFA World Cup qualification,Montevideo,Uruguay,False,11,2016,pierde,Uruguay,44,0.13636363636363635
2016-11-15,Ecuador,Venezuela,3,0,FIFA World Cup qualification,Quito,Ecuador,False,11,2016,gana,Venezuela,24,0.5416666666666666
2017-02-22,Ecuador,Honduras,3,1,Friendly,Guayaquil,Ecuador,False,2,2017,gana,Honduras,13,0.38461538461538464
2017-03-23,Paraguay,Ecuador,2,1,FIFA World Cup qualification,Asunción,Paraguay,False,3,2017,pierde,Paraguay,37,0.2972972972972973
2017-03-28,Ecuador,Colombia,0,2,FIFA World Cup qualification,Quito,Ecuador,False,3,2017,pierde,Colombia,43,0.27906976744186046
2017-06-08,Ecuador,Venezuela,1,1,Friendly,Boca Raton,United States,True,6,2017,empata,Venezuela,25,0.56
2017-06-13,El Salvador,Ecuador,0,3,Friendly,Harrison,United States,True,6,2017,gana,El Salvador,6,0.6666666666666666
2017-07-26,Ecuador,Trinidad and Tobago,3,1,Friendly,Guayaquil,Ecuador,False,7,2017,gana,Trinidad and Tobago,0,0.5
2017-08-31,Brazil,Ecuador,2,0,FIFA World Cup qualification,Porto Alegre,Brazil,False,8,2017,pierde,Brazil,30,0.06666666666666667
2017-09-05,Ecuador,Peru,1,2,FIFA World Cup qualification,Quito,Ecuador,False,9,2017,pierde,Peru,46,0.30434782608695654
2017-10-05,Chile,Ecuador,2,1,FIFA World Cup qualification,Santiago,Chile,False,10,2017,pierde,Chile,48,0.20833333333333334
2017-10-10,Ecuador,Argentina,1,3,FIFA World Cup qualification,Quito,Ecuador,False,10,2017,pierde,Argentina,33,0.15151515151515152
2018-09-07,Ecuador,Jamaica,2,0,Friendly,Harrison,United States,True,9,2018,gana,Jamaica,3,0.6666666666666666
2018-09-11,Ecuador,Guatemala,2,0,Friendly,Bridgeview,United States,True,9,2018,gana,Guatemala,6,0.5
2018-10-12,Qatar,Ecuador,4,3,Friendly,Doha,Qatar,False,10,2018,pierde,Qatar,2,0.5
2018-10-16,Oman,Ecuador,0,0,Friendly,Doha,Qatar,True,10,2018,empata,Oman,2,0.5
2018-11-15,Peru,Ecuador,0,2,Friendly,Lima,Peru,False,11,2018,gana,Peru,47,0.2978723404255319
2018-11-20,Panama,Ecuador,1,2,Friendly,Panama City,Panama,False,11,2018,gana,Panama,6,0.6666666666666666
2019-03-21,United States,Ecuador,1,0,Friendly,Orlando,United States,False,3,2019,pierde,United States,12,0.4166666666666667
2019-03-26,Honduras,Ecuador,0,0,Friendly,Harrison,United States,True,3,2019,empata,Honduras,14,0.42857142857142855
2019-06-01,Venezuela,Ecuador,1,1,Friendly,Miami Gardens,United States,True,6,2019,empata,Venezuela,26,0.5384615384615384
2019-06-09,Mexico,Ecuador,3,2,Friendly,Arlington,United States,True,6,2019,pierde,Mexico,21,0.14285714285714285
2019-06-16,Uruguay,Ecuador,4,0,Copa América,Belo Horizonte,Brazil,True,6,2019,pierde,Uruguay,45,0.13333333333333333
2019-06-21,Ecuador,Chile,1,2,Copa América,Salvador,Brazil,True,6,2019,pierde,Chile,49,0.20408163265306123
2019-06-24,Ecuador,Japan,1,1,Copa América,Belo Horizonte,Brazil,True,6,2019,empata,Japan,2,0.0
2019-09-05,Peru,Ecuador,0,1,Friendly,Harrison,United States,True,9,2019,gana,Peru,48,0.3125
2019-09-10,Ecuador,Bolivia,3,0,Friendly,Cuenca,Ecuador,False,9,2019,gana,Bolivia,30,0.4
2019-10-13,Ecuador,Argentina,1,6,Friendly,Elche,Spain,True,10,2019,pierde,Argentina,34,0.14705882352941177
2019-11-14,Ecuador,Trinidad and Tobago,3,0,Friendly,Portoviejo,Ecuador,False,11,2019,gana,Trinidad and Tobago,1,1.0
2019-11-19,Ecuador,Colombia,0,1,Friendly,Harrison,United States,True,11,2019,pierde,Colombia,44,0.2727272727272727
2020-10-08,Argentina,Ecuador,1,0,FIFA World Cup qualification,Buenos Aires,Argentina,False,10,2020,pierde,Argentina,35,0.14285714285714285
2020-10-13,Ecuador,Uruguay,4,2,FIFA World Cup qualification,Quito,Ecuador,False,10,2020,gana,Uruguay,46,0.13043478260869565
2020-11-12,Bolivia,Ecuador,2,3,FIFA World Cup qualification,La Paz,Bolivia,False,11,2020,gana,Bolivia,31,0.41935483870967744
2020-11-17,Ecuador,Colombia,6,1,FIFA World Cup qualification,Quito,Ecuador,False,11,2020,gana,Colombia,45,0.26666666666666666
2021-03-29,Ecuador,Bolivia,2,1,Friendly,Guayaquil,Ecuador,False,3,2021,gana,Bolivia,32,0.4375
2021-06-04,Brazil,Ecuador,2,0,FIFA World Cup qualification,Porto Alegre,Brazil,False,6,2021,pierde,Brazil,31,0.06451612903225806
2021-06-08,Ecuador,Peru,1,2,FIFA World Cup qualification,Quito,Ecuador,False,6,2021,pierde,Peru,49,0.32653061224489793
2021-06-13,Colombia,Ecuador,1,0,Copa América,Cuiabá,Brazil,True,6,2021,pierde,Colombia,46,0.2826086956521739
2021-06-20,Venezuela,Ecuador,2,2,Copa América,Rio de Janeiro,Brazil,True,6,2021,empata,Venezuela,27,0.5185185185185185
2021-06-23,Ecuador,Peru,2,2,Copa América,Goiânia,Brazil,True,6,2021,empata,Peru,50,0.32
2021-06-27,Brazil,Ecuador,1,1,Copa América,Goiânia,Brazil,False,6,2021,empata,Brazil,32,0.0625
2021-07-03,Argentina,Ecuador,3,0,Copa América,Goiânia,Brazil,True,7,2021,pierde,Argentina,36,0.1388888888888889
2021-09-02,Ecuador,Paraguay,2,0,FIFA World Cup qualification,Quito,Ecuador,False,9,2021,gana,Paraguay,38,0.2894736842105263
2021-09-05,Ecuador,Chile,0,0,FIFA World Cup qualification,Quito,Ecuador,False,9,2021,empata,Chile,50,0.2
2021-09-09,Uruguay,Ecuador,1,0,FIFA World Cup qualification,Montevideo,Uruguay,False,9,2021,pierde,Uruguay,47,0.14893617021276595
2021-10-07,Ecuador,Bolivia,3,0,FIFA World Cup qualification,Guayaquil,Ecuador,False,10,2021,gana,Bolivia,33,0.45454545454545453
2021-10-10,Venezuela,Ecuador,2,1,FIFA World Cup qualification,Caracas,Venezuela,False,10,2021,pierde,Venezuela,28,0.5
2021-10-14,Colombia,Ecuador,0,0,FIFA World Cup qualification,Barranquilla,Colombia,False,10,2021,empata,Colombia,47,0.2765957446808511
2021-10-27,Mexico,Ecuador,2,3,Friendly,Charlotte,United States,True,10,2021,gana,Mexico,22,0.13636363636363635
2021-11-11,Ecuador,Venezuela,1,0,FIFA World Cup qualification,Quito,Ecuador,False,11,2021,gana,Venezuela,29,0.4827586206896552
2021-11-16,Chile,Ecuador,0,2,FIFA World Cup qualification,Santiago,Chile,False,11,2021,gana,Chile,51,0.19607843137254902
2021-12-04,El Salvador,Ecuador,1,1,Friendly,Houston,United States,True,12,2021,empata,El Salvador,7,0.7142857142857143
2022-01-27,Ecuador,Brazil,1,1,FIFA World Cup qualification,Quito,Ecuador,False,1,2022,empata,Brazil,33,0.06060606060606061
2022-02-01,Peru,Ecuador,1,1,FIFA World Cup qualification,Lima,Peru,False,2,2022,empata,Peru,51,0.3137254901960784
2022-03-24,Paraguay,Ecuador,3,1,FIFA World Cup qualification,Ciudad del Este,Paraguay,False,3,2022,pierde,Paraguay,39,0.3076923076923077
2022-03-29,Ecuador,Argentina,1,1,FIFA World Cup qualification,Guayaquil,Ecuador,False,3,2022,empata,Argentina,37,0.13513513513513514
2022-06-02,Ecuador,Nigeria,1,0,Friendly,Harrison,United States,True,6,2022,gana,Nigeria,1,0.0
2022-06-05,Mexico,Ecuador,0,0,Friendly,Chicago,United States,True,6,2022,empata,Mexico,23,0.17391304347826086
2022-06-11,Ecuador,Cape Verde,1,0,Friendly,Fort Lauderdale,United States,True,6,2022,gana,Cape Verde,0,0.5
2022-09-23,Saudi Arabia,Ecuador,0,0,Friendly,Murcia,Spain,True,9,2022,empata,Saudi Arabia,0,0.5
2022-09-27,Ecuador,Japan,0,0,Kirin Challenge Cup,Düsseldorf,Germany,True,9,2022,empata,Japan,3,0.0
2022-11-12,Iraq,Ecuador,0,0,Friendly,Madrid,Spain,True,11,2022,empata,Iraq,0,0.5
2022-11-20,Qatar,Ecuador,0,2,FIFA World Cup,Al Khor,Qatar,False,11,2022,gana,Qatar,3,0.3333333333333333
2022-11-25,Netherlands,Ecuador,1,1,FIFA World Cup,Al Rayyan,Qatar,True,11,2022,empata,Netherlands,2,0.0
2022-11-29,Ecuador,Senegal,1,2,FIFA World Cup,Al Rayyan,Qatar,True,11,2022,pierde,Senegal,2,0.0
2023-03-24,Australia,Ecuador,3,1,Friendly,Sydney,Australia,False,3,2023,pierde,Australia,1,1.0
2023-03-28,Australia,Ecuador,1,2,Friendly,Melbourne,Australia,False,3,2023,gana,Australia,2,0.5
2023-06-17,Ecuador,Bolivia,1,0,Friendly,Harrison,United States,True,6,2023,gana,Bolivia,34,0.47058823529411764
2023-06-20,Ecuador,Costa Rica,3,1,Friendly,Chester,United States,True,6,2023,gana,Costa Rica,11,0.45454545454545453
2023-09-07,Argentina,Ecuador,1,0,FIFA World Cup qualification,Buenos Aires,Argentina,False,9,2023,pierde,Argentina,38,0.13157894736842105
2023-09-12,Ecuador,Uruguay,2,1,FIFA World Cup qualification,Quito,Ecuador,False,9,2023,gana,Uruguay,48,0.14583333333333334
2023-10-12,Bolivia,Ecuador,1,2,FIFA World Cup qualification,La Paz,Bolivia,False,10,2023,gana,Bolivia,35,0.4857142857142857
2023-10-17,Ecuador,Colombia,0,0,FIFA World Cup qualification,Quito,Ecuador,False,10,2023,empata,Colombia,48,0.2708333333333333
2023-11-16,Venezuela,Ecuador,0,0,FIFA World Cup qualification,Maturín,Venezuela,False,11,2023,empata,Venezuela,30,0.5
2023-11-21,Ecuador,Chile,1,0,FIFA World Cup qualification,Quito,Ecuador,False,11,2023,gana,Chile,52,0.21153846153846154
2024-03-21,Ecuador,Guatemala,2,0,Friendly,Harrison,United States,True,3,2024,gana,Guatemala,7,0.5714285714285714
2024-03-24,Ecuador,Italy,0,2,Friendly,Harrison,United States,True,3,2024,pierde,Italy,2,0.0
2024-06-09,Argentina,Ecuador,1,0,Friendly,Chicago,United States,True,6,2024,pierde,Argentina,39,0.1282051282051282
2024-06-12,Ecuador,Bolivia,3,1,Friendly,Chester,United States,True,6,2024,gana,Bolivia,36,0.5
2024-06-16,Ecuador,Honduras,2,1,Friendly,Hartford,United States,True,6,2024,gana,Honduras,15,0.4
2024-06-22,Ecuador,Venezuela,1,2,Copa América,Santa Clara,United States,True,6,2024,pierde,Venezuela,31,0.4838709677419355
2024-06-26,Ecuador,Jamaica,3,1,Copa América,Las Vegas,United States,True,6,2024,gana,Jamaica,4,0.75
2024-06-30,Mexico,Ecuador,0,0,Copa América,Glendale,United States,True,6,2024,empata,Mexico,24,0.16666666666666666
2024-07-04,Argentina,Ecuador,1,1,Copa América,Houston,United States,True,7,2024,empata,Argentina,40,0.125
2024-09-06,Brazil,Ecuador,1,0,FIFA World Cup qualification,Curitiba,Brazil,False,9,2024,pierde,Brazil,34,0.058823529411764705
2024-09-10,Ecuador,Peru,1,0,FIFA World Cup qualification,Quito,Ecuador,False,9,2024,gana,Peru,52,0.3076923076923077
2024-10-10,Ecuador,Paraguay,0,0,FIFA World Cup qualification,Quito,Ecuador,False,10,2024,empata,Paraguay,40,0.3
2024-10-15,Uruguay,Ecuador,0,0,FIFA World Cup qualification,Montevideo,Uruguay,False,10,2024,empata,Uruguay,49,0.16326530612244897
2024-11-14,Ecuador,Bolivia,4,0,FIFA World Cup qualification,Guayaquil,Ecuador,False,11,2024,gana,Bolivia,37,0.5135135135135135
2024-11-19,Colombia,Ecuador,0,1,FIFA World Cup qualification,Barranquilla,Colombia,False,11,2024,gana,Colombia,49,0.2653061224489796
2025-03-21,Ecuador,Venezuela,2,1,FIFA World Cup qualification,Quito,Ecuador,False,3,2025,gana,Venezuela,32,0.46875
2025-03-25,Chile,Ecuador,0,0,FIFA World Cup qualification,Santiago,Chile,False,3,2025,empata,Chile,53,0.22641509433962265
